-- phpMyAdmin SQL Dump
-- version 5.2.1
-- https://www.phpmyadmin.net/
--
-- 主機： 127.0.0.1
-- 產生時間： 2025-01-09 13:53:57
-- 伺服器版本： 10.4.32-MariaDB
-- PHP 版本： 8.0.30

SET SQL_MODE = "NO_AUTO_VALUE_ON_ZERO";
START TRANSACTION;
SET time_zone = "+00:00";


/*!40101 SET @OLD_CHARACTER_SET_CLIENT=@@CHARACTER_SET_CLIENT */;
/*!40101 SET @OLD_CHARACTER_SET_RESULTS=@@CHARACTER_SET_RESULTS */;
/*!40101 SET @OLD_COLLATION_CONNECTION=@@COLLATION_CONNECTION */;
/*!40101 SET NAMES utf8mb4 */;

--
-- 資料庫： `parking`
--

-- --------------------------------------------------------

--
-- 資料表結構 `parking`
--

CREATE TABLE `parking` (
  `ID` int(11) NOT NULL COMMENT '聯單編號',
  `LicensePlateNumber` text NOT NULL COMMENT '車牌',
  `Milage` int(11) NOT NULL COMMENT '里程數',
  `Name` text NOT NULL COMMENT '駕駛人姓名',
  `Emigrantiot` text NOT NULL COMMENT '出境航廈',
  `EmigrantiotPeople` text NOT NULL COMMENT '出境人數',
  `Immigration` text NOT NULL COMMENT '入境航廈',
  `ImmigrationPeople` text NOT NULL COMMENT '入境人數',
  `Phone` text NOT NULL COMMENT '連絡電話',
  `BigPackage` text NOT NULL COMMENT '大行李',
  `SmallPackage` text NOT NULL COMMENT '小行李',
  `BallTool` text NOT NULL COMMENT '球具',
  `SkiBoard` text NOT NULL COMMENT '滑雪(衝浪)板',
  `OtherObject` text NOT NULL COMMENT '其他物件',
  `BackDay` datetime NOT NULL COMMENT '回國時間',
  `ParkingNumber` text NOT NULL COMMENT '停車位',
  `ParkingDay` datetime NOT NULL COMMENT '進場時間',
  `Remasks` text NOT NULL COMMENT '備註',
  `Backup` int(11) NOT NULL COMMENT '是否停備用車位'
) ENGINE=InnoDB DEFAULT CHARSET=utf8mb4 COLLATE=utf8mb4_general_ci;

--
-- 傾印資料表的資料 `parking`
--

INSERT INTO `parking` (`ID`, `LicensePlateNumber`, `Milage`, `Name`, `Emigrantiot`, `EmigrantiotPeople`, `Immigration`, `ImmigrationPeople`, `Phone`, `BigPackage`, `SmallPackage`, `BallTool`, `SkiBoard`, `OtherObject`, `BackDay`, `ParkingNumber`, `ParkingDay`, `Remasks`, `Backup`) VALUES
(257, 'AFS-2289', 0, '黃R', '第二航廈', '2', '第二航廈', '2', '0912-317-061', '2', '', '', '', '', '2025-01-12 23:26:00', 'C25', '2025-01-08 06:00:00', '緩衝01:00前取車不收跨日', 0),
(961, 'BYN-5396', 0, '莊R', '第二航廈', '2', '第二航廈', '2', '0963-231-956', '2', '', '', '', '', '2025-01-11 22:35:00', 'J10', '2025-01-06 10:09:00', '', 0),
(962, 'BFW-3221', 0, '蔡S', '第一航廈', '3', '第一航廈', '3', '0970-812-525', '3', '', '', '', '', '2025-01-12 23:20:00', 'C15', '2025-01-06 05:35:00', '車棚280/天', 0),
(963, 'BXH-8277', 0, '許原銘', '第二航廈', '2', '第二航廈', '2', '0966-179-986', '2', '', '', '', '', '2025-01-10 21:40:00', 'C16', '2025-01-06 13:39:00', '回國多行李一件一趟100/元', 0),
(964, 'BWB-9559', 0, '林S', '第一航廈', '3', '第一航廈', '3', '0978-525-627', '', '2', '', '', '', '2025-01-10 10:20:00', 'C19', '2025-01-07 12:20:00', '車棚每日280/天', 0),
(965, 'BBD-8083', 0, '鄭R', '第一航廈', '2', '第一航廈', '2', '0960-592-660', '2', '', '', '', '', '2025-01-10 11:00:00', 'C20', '2025-01-07 12:12:00', '每日車棚280/天', 0),
(966, 'AUN-6897', 0, '許R', '第一航廈', '2', '第一航廈', '2', '0907323160', '2', '', '', '', '', '2025-01-12 01:30:00', 'C17', '2025-01-08 00:00:00', '', 0),
(967, 'BRQ-0555', 0, '王R', '第一航廈', '3', '第一航廈', '3', '0912388269', '3', '', '', '', '', '2025-01-13 12:40:00', 'C24', '2025-01-08 03:20:00', '', 0),
(968, 'BEF-9733', 0, '韓S', '第二航廈', '2', '第二航廈', '2', '0970411703', '2', '', '', '', '', '2025-01-13 16:45:00', 'C21', '2025-01-09 05:51:00', '', 0),
(969, 'BHH-5952', 0, '古R', '第一航廈', '1', '第一航廈', '1', '0952318487', '1', '', '', '', '', '2025-01-13 20:31:00', 'C01', '2025-01-09 08:31:00', '二場車棚', 0),
(7951, 'AGX-7277', 0, '周S', '第一航廈', '3', '第一航廈', '3', '0955-799-600', '2', '', '', '', '', '2025-01-10 22:00:00', 'J51', '2025-01-07 10:14:00', '與NO.7952一起共2車5位', 0),
(7952, '9053-F2', 0, '周S', '第一航廈', '2', '第一航廈', '2', '0955-799-600', '2', '', '', '', '', '2025-01-10 22:00:00', 'J52', '2025-01-07 10:26:00', '與NO.7951一起共2車5位', 0),
(7953, 'BDU-7897', 0, '邱R', '第二航廈', '1', '第二航廈', '1', '0921-661-044', '1', '', '', '', '', '2025-01-10 13:30:00', 'J39', '2025-01-06 11:57:00', '', 0),
(7954, 'EAF-3928', 0, '成R', '第二航廈', '1', '第一航廈', '1', '0935-739-769', '', '', '', '', '', '2025-01-10 16:00:00', 'J41', '2025-01-06 11:56:00', '', 0),
(7955, 'BYA-0189', 0, '蔡俊瑩', '第一航廈', '2', '第一航廈', '2', '0989-052-091', '2', '', '', '', '', '2025-01-11 23:15:00', 'J12', '2025-01-06 11:59:00', '', 0),
(7957, 'AVS-8999', 0, '林R', '第一航廈', '2', '第一航廈', '2', '0960-599-859', '2', '', '', '', '', '2025-01-11 16:45:00', 'J47', '2025-01-07 11:54:00', '', 0),
(7958, 'BZC-3023', 0, '宋R', '第一航廈', '1', '第一航廈', '1', '0987-014-033', '1', '', '', '', '', '2025-01-09 17:50:00', 'J54', '2025-01-07 08:23:00', '', 0),
(7959, 'BGN-1285', 0, '李S', '第一航廈', '3', '第一航廈', '3', '0979048344', '3', '', '', '', '', '2025-01-12 16:50:00', 'J05', '2025-01-08 05:39:00', 'NO.7961一起', 0),
(7960, '1629-JR', 0, '許S', '第二航廈', '2', '第二航廈', '2', '0987-798-137', '2', '', '', '', '', '2025-01-09 22:30:00', 'A40', '2025-01-07 10:34:00', '', 0),
(7961, 'BLU-2652', 0, '徐R', '第一航廈', '3', '第一航廈', '3', '0919600002', '3', '', '', '', '', '2025-01-12 16:50:00', 'J03', '2025-01-08 05:38:00', 'NO.7959一起', 0),
(7962, 'BKF-9937', 0, '胡S', '第二航廈', '1', '第二航廈', '1', '0901-050-775', '1', '', '', '', '', '2025-01-16 21:35:00', 'J46', '2025-01-07 12:34:00', '', 0),
(7963, 'EAB-3306', 0, '潘S', '第二航廈', '4', '第二航廈', '4', '0926-286-621', '3', '', '', '', '推車', '2025-01-11 16:50:00', '20', '2025-01-07 15:15:00', '回頭客', 0),
(7964, 'AST-7020', 0, '劉S', '第一航廈', '3', '第一航廈', '1', '0933702155', '3', '', '', '', '', '2025-01-12 18:55:00', 'J16', '2025-01-08 05:02:00', '', 0),
(7965, 'BVS-1199', 0, '陳R', '第一航廈', '1', '第一航廈', '1', '0989884585', '1', '', '', '', '', '2025-01-12 21:10:00', 'J18', '2025-01-08 08:31:00', '', 0),
(7966, 'BRR-5030', 0, '白R', '第一航廈', '5', '第一航廈', '5', '0975-248-006', '5', '', '', '', '', '2025-01-16 17:55:00', 'J23', '2025-01-08 11:19:00', '', 0),
(7967, 'BTN-1167', 0, '陳S', '第一航廈', '1', '第一航廈', '1', '0937-134-711', '1', '', '', '', '', '2025-01-12 01:30:00', 'J08', '2025-01-08 16:35:00', '', 0),
(7968, 'BMK-1006', 0, '鄭S', '第二航廈', '2', '第二航廈', '2', '0980423024', '2', '', '', '', '', '2025-01-14 18:20:00', 'J27', '2025-01-09 05:45:00', '', 0),
(7969, 'BMA-7718', 0, '林S', '第一航廈', '2', '第一航廈', '2', '0983-557-336', '2', '', '', '', '', '2025-01-12 23:20:00', 'J61', '2025-01-08 11:55:00', '', 0),
(7970, 'ARL-1275', 0, '廖偉勝(思思漫走)', '第一航廈', '4', '第一航廈', '4', '0955358512', '', '', '', '', '', '2025-01-18 01:25:00', 'J25', '2025-01-09 00:03:00', '部落客全不收', 0),
(7971, '8620-M7', 0, '施R', '第一航廈', '4', '第一航廈', '4', '0921466245', '3', '', '', '', '', '2025-01-12 00:28:00', 'J56', '2025-01-08 22:08:00', '已優待提前進回國取車無優惠', 0),
(7972, 'BYN-1177', 0, '葉R', '第二航廈', '3', '第二航廈', '3', '0933-175-296', '3', '', '', '', '', '2025-01-12 21:55:00', 'J70', '2025-01-09 06:26:00', '', 0),
(7973, 'BXU-7727', 0, '劉R', '第一航廈', '2', '第一航廈', '2', '0983-396-456', '2', '', '', '', '', '2025-01-14 20:20:00', 'A11', '2025-01-09 10:07:00', '', 0),
(7976, 'BQE-5785', 0, '陳R', '第二航廈', '2', '第二航廈', '2', '0988-394-797', '2', '', '', '', '', '2025-01-14 12:15:00', 'A19', '2025-01-09 13:19:00', '', 0),
(9129, 'BZK-8687', 0, '黃柏淞', '第二航廈', '2', '第二航廈', '2', '0916-090-185', '2', '', '', '', '', '2025-01-13 06:45:00', 'J64', '2025-01-06 19:05:00', '快閃300/天.滿15天以上減400', 0),
(9399, 'AQH-1003', 0, '蔡濠名', '第一航廈', '2', '第一航廈', '2', '0912-861-921', '2', '1', '', '', '', '2025-01-12 13:45:00', '144', '2025-01-06 10:01:00', '行李多一件來回100', 0),
(9429, 'BVU-6653', 0, '紀憲佑', '第二航廈', '1', '第一航廈', '1', '0922-367-225', '1', '', '', '', '', '2025-01-11 06:45:00', '102', '2025-01-06 09:56:00', '領隊180/天', 0),
(9604, 'APT-7518', 0, '李R', '第二航廈', '2', '第二航廈', '2', '0955-390-327', '2', '', '', '', '', '2025-01-10 21:00:00', '110', '2025-01-06 10:58:00', '', 0),
(9606, 'ANU-9535', 0, '張R', '第一航廈', '2', '第一航廈', '2', '0909-898-358', '1', '', '', '', '', '2025-01-10 17:30:00', '150', '2025-01-06 10:54:00', '', 0),
(9608, '3895-D9', 0, '梁入恩', '第一航廈', '2', '第一航廈', '2', '0921-659-846', '2', '', '', '', '', '2025-01-09 22:15:00', 'C18', '2025-01-06 12:09:00', '車棚280/天', 0),
(9609, 'BPU-8663', 0, '徐R', '第一航廈', '3', '第一航廈', '3', '0933-554-775', '1', '2', '', '', '', '2025-01-12 00:00:00', '116', '2025-01-06 09:54:00', '', 0),
(9610, 'BQF-9160', 0, '釋R', '第一航廈', '2', '第一航廈', '2', '0963-553-313', '1', '1', '', '', '', '2025-01-10 01:00:00', '134', '2025-01-06 01:00:00', '', 0),
(9611, 'BYV-2237', 0, '周R', '第一航廈', '2', '第一航廈', '2', '0981-153-022', '2', '', '', '', '', '2025-01-09 23:50:00', '24', '2025-01-06 12:01:00', '緩衝00:30前取車', 0),
(9612, 'BMJ-7209', 0, '林S', '第二航廈', '2', '第二航廈', '2', '0989-377-200', '2', '', '', '', '', '2025-01-10 22:20:00', '55', '2025-01-06 10:42:00', '', 0),
(9614, '9338-P7', 0, '施S', '第一航廈', '2', '第一航廈', '2', '0926-308-300', '2', '', '', '', '', '2025-01-11 19:00:00', '25', '2025-01-06 10:22:00', '安泰JCB(20天)回國多行李另計', 0),
(9616, 'BYN-5856', 0, '邱怡慈', '第二航廈', '2', '第一航廈', '2', '0930-236-280', '2', '', '', '', '', '2025-01-11 21:45:00', '33', '2025-01-06 10:16:00', '留KEY', 0),
(9617, '0063-VA', 0, '陳R', '第一航廈', '4', '第一航廈', '4', '0918-633-688', '', '1', '', '', '', '2025-01-11 00:30:00', '48', '2025-01-07 12:22:00', '', 0),
(9618, 'BFF-5989', 0, '李R', '第二航廈', '2', '第二航廈', '2', '0923-553-559', '', '', '', '', '', '2025-01-13 14:00:00', 'J58', '2025-01-06 09:21:00', '多一件行李來回200元', 0),
(9619, 'BWF-1273', 0, '于啟元', '第一航廈', '5', '第一航廈', '5', '0960-830-050', '', '', '', '', '', '2025-01-14 13:45:00', '32', '2025-01-06 13:41:00', '前擋玻璃有裂痕', 0),
(9621, 'BRV-1801', 0, '黃S', '第二航廈', '3', '第二航廈', '3', '0974-095-832', '3', '', '', '', '', '2025-01-14 16:35:00', '30', '2025-01-07 12:19:00', '', 0),
(9622, 'ATV-1036', 0, '廖R', '第一航廈', '2', '第一航廈', '2', '0920-594-336', '', '', '', '', '', '2025-01-10 12:00:00', '21', '2025-01-07 12:17:00', '', 0),
(9623, 'BMK-9035', 0, '楊R', '第一航廈', '2', '第一航廈', '2', '0975-875-606', '2', '', '', '', '', '2025-01-10 15:30:00', '14', '2025-01-07 12:16:00', '', 0),
(9624, 'ARP-9332', 0, '李R', '第一航廈', '1', '第一航廈', '1', '0920-517-867', '1', '', '', '', '', '2025-01-11 18:00:00', '49', '2025-01-07 12:14:00', '', 0),
(9625, 'ARB-0509', 0, '黃庭嘉', '第一航廈', '2', '第一航廈', '2', '0979-591-663', '2', '', '', '', '', '2025-01-11 21:30:00', '39', '2025-01-07 12:11:00', '', 0),
(9627, 'BMD-6539', 0, '劉R', '第二航廈', '2', '第二航廈', '2', '0936-918-777', '', '', '', '', '', '2025-01-21 20:05:00', '127', '2025-01-07 12:03:00', '安泰鈦金20天', 0),
(9628, 'AKG-2612', 0, '范姜有慶', '第二航廈', '1', '第二航廈', '1', '0976-695-318', '', '', '', '', '', '2025-01-18 17:20:00', '62', '2025-01-07 12:01:00', '滿10天減200元', 0),
(9629, 'BLS-3810', 0, '葉奕姍', '第一航廈', '2', '第一航廈', '2', '0912-025-247', '2', '', '', '', '', '2025-01-11 21:30:00', '8', '2025-01-07 11:59:00', '', 0),
(9630, '3319-EM', 0, '張R', '第二航廈', '4', '第二航廈', '4', '0935-609-977', '2', '', '', '', '', '2025-01-11 16:50:00', '61', '2025-01-07 11:55:00', '', 0),
(9631, 'BWM-7302', 0, '劉R', '第二航廈', '1', '第一航廈', '1', '0920-695-911', '1', '', '', '', '', '2025-01-10 20:00:00', '27', '2025-01-07 10:13:00', '', 0),
(9632, 'BGC-3159', 0, '王S', '第一航廈', '3', '第一航廈', '3', '0938-911-920', '3', '', '', '', '', '2025-01-11 19:00:00', '44', '2025-01-07 11:56:00', '', 0),
(9633, 'BBV-9391', 0, '林R', '第二航廈', '2', '第二航廈', '2', '0953-111-561', '2', '', '', '', '', '2025-01-17 19:05:00', '56', '2025-01-07 10:09:00', '滿10天減200元', 0),
(9634, 'BUD-6935', 0, '許家瑋', '第一航廈', '2', '第一航廈', '2', '0978-381-212', '2', '', '', '', '', '2025-01-11 17:55:00', '60', '2025-01-07 10:02:00', '', 0),
(9635, 'BCJ-0318', 0, '黃家盈', '第二航廈', '4', '第二航廈', '4', '0985-118-803', '3', '', '', '', '', '2025-01-11 19:05:00', '23', '2025-01-07 10:11:00', '', 0),
(9636, 'EBA-5309', 0, '萬S', '第二航廈', '2', '第一航廈', '2', '0905-953-583', '2', '1', '', '', '', '2025-01-11 19:00:00', '99', '2025-01-07 10:04:00', '多一件行李來回200元', 0),
(9637, 'BLB-5165', 0, '劉R', '第一航廈', '1', '第一航廈', '1', '0918-222-097', '1', '', '', '', '', '2025-01-10 19:50:00', '57', '2025-01-07 09:22:00', '', 0),
(9638, 'AGL-0656', 0, '楊S', '第二航廈', '2', '第二航廈', '2', '0912-549-315', '1', '', '', '', '', '2025-01-09 22:00:00', '54', '2025-01-07 09:10:00', '', 0),
(9639, '0233-Q5', 0, '林R', '第一航廈', '3', '第一航廈', '3', '0920-581-214', '3', '', '', '', '', '2025-01-12 00:25:00', '51', '2025-01-07 11:45:00', '', 0),
(9640, 'BLV-2058', 0, '李S', '第二航廈', '2', '第二航廈', '2', '0989010407', '2', '', '', '', '', '2025-01-11 22:50:00', '46', '2025-01-08 03:35:00', '00:30前取車不收跨日', 0),
(9641, 'BFD-6979', 0, '黃R', '第二航廈', '2', '第二航廈', '2', '0922755937', '2', '', '', '', '', '2025-01-11 21:40:00', '35', '2025-01-08 04:06:00', '', 0),
(9642, 'AVV-9292', 0, '山R', '第一航廈', '1', '第一航廈', '1', '0903186599', '', '1', '', '', '', '2025-01-10 09:25:00', '34', '2025-01-08 03:20:00', '', 0),
(9643, 'BGS-3752', 0, '劉', '第一航廈', '3', '第一航廈', '3', '0910170823', '3', '', '', '', '', '2025-01-12 15:10:00', '12', '2025-01-08 03:01:00', '', 0),
(9644, 'BNY-6767', 0, '王R', '第一航廈', '2', '第一航廈', '2', '0981-337-048', '3', '', '', '', '', '2025-01-11 23:27:00', '37', '2025-01-08 06:01:00', '來回多一件加收$200', 0),
(9645, 'BFS-0299', 0, '蔡R', '第一航廈', '2', '第一航廈', '2', '0932626825', '2', '', '', '', '', '2025-01-12 19:00:00', '11', '2025-01-08 06:05:00', '', 0),
(9646, '610-K5', 0, '傅S', '第一航廈', '3', '第一航廈', '3', '0958182640', '2', '', '', '', '1推車', '2025-01-12 19:00:00', '4', '2025-01-08 06:14:00', '', 0),
(9647, 'BXN-6686', 0, '李S', '第一航廈', '4', '第一航廈', '4', '0931-336-002', '4', '', '', '', '', '2025-01-13 21:30:00', '43', '2025-01-08 08:53:00', '', 0),
(9648, 'BUX-1369', 0, '何R', '第一航廈', '4', '第一航廈', '4', '0982-100-906', '4', '', '', '', '', '2025-01-13 23:50:00', '18', '2025-01-08 11:28:00', '與NO.9852共2車6位', 0),
(9649, 'BSU-3216', 0, '黃R', '第一航廈', '2', '第一航廈', '1', '0931076068', '', '', '', '', '', '2025-01-11 17:34:00', 'J20', '2025-01-09 02:45:00', '', 0),
(9650, 'APR-1338', 0, '賴S', '第一航廈', '2', '第一航廈', '2', '0932191795', '2', '', '', '', '', '2025-01-13 15:45:00', '6', '2025-01-09 02:58:00', '', 0),
(9686, 'BKU-3336', 0, '朱元啟', '第一航廈', '4', '第一航廈', '4', '0958-550-391', '4', '', '', '', '', '2025-01-09 22:20:00', 'A23', '2025-01-06 13:51:00', '優待回國多2件行李', 0),
(9688, 'AUT-3300', 0, '朱R', '第二航廈', '2', '第二航廈', '2', '0958-550-391', '2', '', '', '', '', '2025-01-11 15:25:00', 'A14', '2025-01-06 10:04:00', '', 0),
(9691, '5507-ES', 0, '羅S', '第二航廈', '4', '第二航廈', '4', '0932-955-559', '4', '', '', '', '', '2025-01-09 20:00:00', 'A09', '2025-01-06 20:00:00', '', 0),
(9692, 'ATD-9636', 0, '羅明哲', '第一航廈', '2', '第一航廈', '2', '0927-106-330', '', '', '', '', '', '2025-01-11 18:45:00', 'A03', '2025-01-06 10:07:00', '', 0),
(9694, 'BHE-5897', 0, '張S', '第一航廈', '3', '第一航廈', '3', '0928-192-321', '3', '', '', '', '', '2025-01-09 20:20:00', 'J07', '2025-01-06 12:28:00', '', 0),
(9695, 'BDP-5988', 0, '王R', '第一航廈', '2', '第一航廈', '2', '0922-171-819', '2', '', '', '', '', '2025-01-11 19:15:00', 'A02', '2025-01-06 10:10:00', '', 0),
(9699, '0522-YC', 0, '何R', '第一航廈', '1', '第一航廈', '1', '0916-322-853', '1', '', '', '', '', '2025-01-11 17:00:00', '26', '2025-01-06 10:13:00', '', 0),
(9804, 'ASP-3198', 0, '劉R', '第一航廈', '2', '第一航廈', '2', '0981641845', '1', '', '', '', '', '2025-01-12 19:00:00', '7', '2025-01-08 04:22:00', '', 0),
(9805, 'BRR-0513', 0, '卓S', '第一航廈', '4', '第一航廈', '5', '0956980328', '3', '', '', '', '', '2025-01-11 14:05:00', '36', '2025-01-08 04:02:00', '回來多一位+100，行李再確認', 0),
(9806, '1102-TV', 0, '柯S', '第一航廈', '2', '第一航廈', '2', '0975421808', '2', '', '', '', '', '2025-01-12 22:30:00', '5', '2025-01-08 04:24:00', '', 0),
(9851, 'BLQ-5192', 0, '楊帝蔭S', '第一航廈', '4', '第一航廈', '4', '0981-301-553', '4', '', '', '', '', '2025-01-11 17:35:00', '52', '2025-01-08 10:24:00', '', 0),
(9852, 'BSY-9880', 0, '何R', '第一航廈', '2', '第一航廈', '2', '0982-100-906', '3', '', '', '', '', '2025-01-13 11:50:00', '16', '2025-01-08 11:46:00', '與NO.9648共2車6位,多一件來回200元', 0),
(9853, 'ACD-6810', 0, '賴R', '第一航廈', '2', '第一航廈', '2', '0911117743', '2', '', '', '', '', '2025-01-15 21:50:00', '104', '2025-01-09 01:19:00', '', 0),
(9854, 'TDM-9927', 0, '彭R', '第一航廈', '3', '第一航廈', '3', '0976-278-806', '3', '', '', '', '', '2025-01-15 00:30:00', '13', '2025-01-08 12:58:00', '', 0),
(9855, 'BLZ-0318', 0, '朱\'S', '第一航廈', '5', '第一航廈', '5', '0982-930-528', '3', '', '', '', '', '2025-01-13 17:20:00', '58', '2025-01-08 15:41:00', '', 0),
(9856, '5867-N8', 0, '劉R', '第二航廈', '1', '第二航廈', '1', '0985-397-109', '', '', '', '', '', '2025-01-13 21:50:00', '47', '2025-01-08 16:16:00', '', 0),
(9857, 'ANV-9587', 0, '孫R', '第一航廈', '1', '第一航廈', '1', '0953500408', '', '', '', '', '', '2025-01-13 01:24:00', '41', '2025-01-08 23:11:00', '優待提前進回國無緩衝', 0),
(9858, 'BJK-3308', 0, '王R', '第二航廈', '4', '第二航廈', '4', '0926790426', '4', '', '', '', '', '2025-01-14 15:25:00', '106', '2025-01-09 03:20:00', '優待回國多一件行李不收費', 0),
(9859, 'BFV-0318', 0, '劉S', '第二航廈', '2', '第一航廈', '2', '0983199903', '2', '', '', '', '', '2025-01-13 15:26:00', '112', '2025-01-09 03:25:00', '優待回國多一件行李不收費', 0),
(9860, 'AYU-9701', 0, '王R', '第二航廈', '2', '第二航廈', '2', '0968752099', '2', '', '', '', '', '2025-01-14 16:05:00', '142', '2025-01-09 03:36:00', '', 0),
(9861, 'ABB-3558', 0, '簡R', '第二航廈', '2', '第二航廈', '2', '0933096330', '2', '', '', '1', '', '2025-01-16 19:05:00', '140', '2025-01-09 04:08:00', '滑雪板來回+400', 0),
(9862, 'TDZ-2212', 0, '陳R', '第二航廈', '2', '第二航廈', '2', '0916942966', '2', '', '', '', '', '2025-01-13 20:05:00', '100', '2025-01-09 04:05:00', '', 0),
(9863, 'AQX-3030', 0, '林S', '第一航廈', '2', '第一航廈', '2', '0932613898', '2', '', '', '', '', '2025-01-15 16:05:00', '136', '2025-01-09 04:14:00', '', 0),
(9864, 'BGB-7222', 0, '陳S', '第二航廈', '4', '第二航廈', '4', '0955610606', '4', '', '', '', '', '2025-01-13 20:05:00', '138', '2025-01-09 04:34:00', '', 0),
(9865, 'BCV-9777', 0, '徐R', '第一航廈', '2', '第一航廈', '2', '0926664691', '1', '1', '', '', '', '2025-01-13 14:20:00', '146', '2025-01-09 04:41:00', '優待出發多一件不收，回國多一件+100', 0),
(9866, 'BZV-0052', 0, '蔡R', '第二航廈', '1', '第二航廈', '1', '0933160223', '1', '', '', '', '', '2025-01-13 17:00:00', '114', '2025-01-09 05:30:00', '領隊180/天', 0),
(9867, '5577-PR', 0, '鄭R', '第二航廈', '2', '第二航廈', '2', '0926869456', '2', '', '', '', '', '2025-01-13 20:55:00', '118', '2025-01-09 06:56:00', '', 0),
(9868, 'BEE-2987', 0, '劉S', '第二航廈', '3', '第二航廈', '3', '0917601293', '3', '', '', '', '推車', '2025-01-16 21:10:00', '125', '2025-01-09 07:06:00', '來回多一件+200', 0),
(9869, '8N-0289', 0, '陳R', '第一航廈', '2', '第一航廈', '2', '0935-136-789', '2', '', '', '', '', '2025-01-14 21:20:00', '101', '2025-01-09 09:54:00', '', 0),
(9870, 'AUC-2755', 0, '林R', '第一航廈', '2', '第一航廈', '2', '0935-791-379', '2', '', '', '', '', '2025-01-14 00:15:00', '105', '2025-01-09 09:58:00', '', 0),
(9873, 'WE-6538', 0, '賴沼溫', '第二航廈', '3', '第二航廈', '3', '0923-233-987', '2', '', '', '', '', '2025-01-13 22:45:00', '103', '2025-01-09 09:31:00', '', 0),
(9874, 'BCX-0909', 0, '劉R', '第二航廈', '2', '第二航廈', '2', '0927-793-739', '2', '', '', '', '', '2025-01-28 11:40:00', '107', '2025-01-09 09:53:00', '滿15天九折', 0),
(9876, 'AQK-8021', 0, '楊茗閎', '第一航廈', '1', '第一航廈', '1', '0989-367-009', '1', '', '', '', '', '2025-01-21 17:10:00', '133', '2025-01-09 11:49:00', '', 0),
(9877, 'AWZ-9933', 0, '羅\'R', '第二航廈', '3', '第二航廈', '3', '0912-885-336', '2', '', '', '', '', '2025-01-13 20:30:00', '109', '2025-01-09 12:53:00', '', 0),
(9878, '1359-VB', 0, '江\'R', '第一航廈', '1', '第一航廈', '1', '0936-272-524', '1', '', '', '', '', '2025-01-13 05:30:00', '111', '2025-01-09 16:29:00', '', 0),
(9879, 'ABJ-9978', 0, '李R', '第二航廈', '1', '第二航廈', '1', '0918-766-096', '', '', '', '', '', '2025-01-15 20:00:00', '31', '2025-01-09 17:02:00', '', 0);

-- --------------------------------------------------------

--
-- 資料表結構 `parking_history`
--

CREATE TABLE `parking_history` (
  `ID` int(11) NOT NULL COMMENT '聯單編號',
  `LicensePlateNumber` text NOT NULL COMMENT '車牌',
  `Milage` int(11) NOT NULL COMMENT '里程數',
  `Name` text NOT NULL COMMENT '駕駛人姓名',
  `Emigrantiot` text NOT NULL COMMENT '出境航廈',
  `EmigrantiotPeople` text NOT NULL COMMENT '出境人數',
  `Immigration` text NOT NULL COMMENT '入境航廈',
  `ImmigrationPeople` text NOT NULL COMMENT '入境人數',
  `Phone` text NOT NULL COMMENT '連絡電話',
  `BigPackage` text NOT NULL COMMENT '大行李',
  `SmallPackage` text NOT NULL COMMENT '小行李',
  `BallTool` text NOT NULL COMMENT '球具',
  `SkiBoard` text NOT NULL COMMENT '滑雪(衝浪)板',
  `OtherObject` text NOT NULL COMMENT '其他物件',
  `BackDay` datetime NOT NULL COMMENT '回國時間',
  `ParkingNumber` text NOT NULL COMMENT '停車位',
  `ParkingDay` datetime NOT NULL COMMENT '進場時間',
  `Cost` int(11) NOT NULL COMMENT '金額',
  `Remasks` text NOT NULL COMMENT '備註',
  `Backup` int(11) NOT NULL COMMENT '是否停備用車位'
) ENGINE=InnoDB DEFAULT CHARSET=utf8mb4 COLLATE=utf8mb4_general_ci;

--
-- 傾印資料表的資料 `parking_history`
--

INSERT INTO `parking_history` (`ID`, `LicensePlateNumber`, `Milage`, `Name`, `Emigrantiot`, `EmigrantiotPeople`, `Immigration`, `ImmigrationPeople`, `Phone`, `BigPackage`, `SmallPackage`, `BallTool`, `SkiBoard`, `OtherObject`, `BackDay`, `ParkingNumber`, `ParkingDay`, `Cost`, `Remasks`, `Backup`) VALUES
(958, 'AQW-3138', 0, '呂R', '', '', '', '', '0986-609-305', '', '', '', '', '', '2025-01-09 06:28:51', 'C13', '2025-01-06 13:57:00', 240, '留KEY', 0),
(7956, 'ASY-1969', 0, '曾R', '', '', '', '', '0978-035-614', '', '', '', '', '', '2025-01-09 13:06:07', 'J49', '2025-01-07 11:51:00', 240, '', 0),
(9084, 'AHX-9609', 0, '潘R', '', '', '', '', '0938-992-037', '', '', '', '', '', '2025-01-09 13:11:23', 'A28', '2025-01-06 14:02:00', 240, '', 0),
(9254, 'BVS-2832', 0, '黃R', '', '', '', '', '0916-778-805', '', '', '', '', '', '2025-01-08 15:13:10', '15', '2025-01-06 16:14:00', 160, '若滿15天9折', 0),
(9371, '1828-FE', 0, '康R', '', '', '', '', '0963-184-845', '', '', '', '', '', '2025-01-08 15:11:53', '53', '2025-01-06 16:12:00', 160, '', 0),
(9415, 'BSV-9910', 0, '蔡S', '', '', '', '', '0975-782-797', '', '', '', '', '', '2025-01-08 07:18:01', '6', '2025-01-06 15:16:00', 160, '', 0),
(9419, 'TDZ-6968', 0, '謝R', '', '', '', '', '0932-021-381', '', '', '', '', '', '2025-01-08 15:12:32', '22', '2025-01-06 16:11:00', 160, '', 0),
(9423, 'BUR-0962', 0, '王R', '', '', '', '', '0976-555-730', '', '', '', '', '', '2025-01-08 19:33:59', '42', '2025-01-06 16:08:00', 240, '', 0),
(9424, 'AVV-9110', 0, '陳S', '', '', '', '', '0971-303-068', '', '', '', '', '', '2025-01-08 15:10:40', '19', '2025-01-06 16:05:00', 160, '', 0),
(9425, 'ATV-6299', 0, '林R', '', '', '', '', '0912-580-018', '', '', '', '', '', '2025-01-09 13:02:39', '29', '2025-01-06 13:55:00', 240, '', 0),
(9426, 'ATB-0223', 0, '王R', '', '', '', '', '0922-228-337', '', '', '', '', '', '2025-01-07 21:22:38', '7', '2025-01-06 01:30:00', 160, '', 0),
(9431, 'TDL-2327', 0, '林R', '', '', '', '', '0921-933-019', '', '', '', '', '', '2025-01-08 06:15:07', '105', '2025-01-06 15:58:00', 160, '', 0),
(9432, 'AVB-5297', 0, '林', '', '', '', '', '0917-777-609', '', '', '', '', '', '2025-01-08 15:13:33', '41', '2025-01-06 15:44:00', 160, '回國駕駛回來取車,機票時間未定航空公司員工', 0),
(9434, 'BTM-5955', 0, '王R', '', '', '', '', '0917-978-237', '', '', '', '', '', '2025-01-08 09:46:38', '63', '2025-01-06 15:47:00', 160, '球具來回2套800,優多一件行李來回免收--婷', 0),
(9438, 'AYF-1136', 0, '孫明宏', '', '', '', '', '0933-945-458', '', '', '', '', '', '2025-01-09 08:56:09', '10', '2025-01-06 13:44:00', 240, '安泰鈦金卡(20天)', 0),
(9440, 'ARP-3270', 0, '章宸嘉', '', '', '', '', '0932-917-549', '', '', '', '', '', '2025-01-08 15:13:21', '38', '2025-01-06 15:36:00', 160, '', 0),
(9443, 'BRY-5522', 0, '陳S', '', '', '', '', '0958-930-218', '', '', '', '', '', '2025-01-09 12:22:49', '132', '2025-01-06 12:35:00', 240, '', 0),
(9444, '7138-U6', 0, '陳R', '', '', '', '', '0910-427-388', '', '', '', '', '', '2025-01-09 05:54:12', '17', '2025-01-06 12:26:00', 240, '', 0),
(9446, 'BHY-6300', 0, '黃R', '', '', '', '', '0963-167-771', '', '', '', '', '', '2025-01-08 15:34:16', 'C12', '2025-01-06 15:31:00', 240, '車棚250/天', 0),
(9447, '9839-SX', 0, '林R', '', '', '', '', '0972-300-356', '', '', '', '', '', '2025-01-08 15:59:15', '45', '2025-01-06 15:29:00', 240, '', 0),
(9448, 'ARE-6663', 0, '簡R', '', '', '', '', '0979-770-879', '', '', '', '', '', '2025-01-08 17:26:25', '100', '2025-01-06 15:27:00', 240, '', 0),
(9449, 'ASR-5058', 0, '黃晉渝', '', '', '', '', '0911-623-443', '', '', '', '', '', '2025-01-08 15:11:09', '137', '2025-01-06 15:20:00', 160, '', 0),
(9450, 'ATA-3905', 0, '林', '', '', '', '', '0910-014-705', '', '', '', '', '', '2025-01-08 08:00:16', '133', '2025-01-06 14:05:00', 160, '', 0),
(9602, 'AAH-6058', 0, '邱S', '', '', '', '', '0912-753-753', '', '', '', '', '', '2025-01-09 10:01:17', '147', '2025-01-06 12:24:00', 240, '', 0),
(9603, 'BPU-1356', 0, '溫R', '', '', '', '', '0922-732-513', '', '', '', '', '', '2025-01-09 12:21:44', '108', '2025-01-06 12:13:00', 320, '行李多一件來回200', 0),
(9613, 'BGW-1519', 0, '呂R', '', '', '', '', '0930-610-315', '', '', '', '', '', '2025-01-09 08:33:52', '59', '2025-01-06 11:04:00', 240, '', 0),
(9626, '2172-UW', 0, '洪R', '', '', '', '', '0936-273-773', '', '', '', '', '', '2025-01-09 06:23:01', '9', '2025-01-07 12:09:00', 160, '', 0),
(9676, 'RCQ-6165', 0, '林R', '', '', '', '', '0935-767-515', '', '', '', '', '', '2025-01-09 08:55:51', 'A06', '2025-01-06 13:56:00', 240, '', 0),
(9678, 'BWC-5965', 0, '李R', '', '', '', '', '0936-090-078', '', '', '', '', '', '2025-01-08 15:32:26', 'J02', '2025-01-06 16:09:00', 160, '', 0),
(9682, 'BQB-5625', 0, '林R', '', '', '', '', '0937-656-080', '', '', '', '', '', '2025-01-08 15:12:55', 'A04', '2025-01-06 16:10:00', 160, '', 0),
(9684, 'BXB-3605', 0, '林R', '', '', '', '', '0958-487-821', '', '', '', '', '', '2025-01-08 15:41:55', 'J26', '2025-01-06 15:56:00', 160, '緩衝到00:30前取車', 0),
(9696, 'BRG-9787', 0, '陳S', '', '', '', '', '0925-101-109', '', '', '', '', '', '2025-01-09 08:23:33', 'A17', '2025-01-06 12:12:00', 240, '', 0),
(9697, 'BVF-6287', 0, '魏佑璇', '', '', '', '', '0926-522-823', '', '', '', '', '', '2025-01-09 12:55:57', 'J14', '2025-01-06 12:32:00', 320, '', 0),
(9700, 'ATW-8593', 0, '王R', '', '', '', '', '0928-100-036', '', '', '', '', '', '2025-01-09 06:47:53', 'J45', '2025-01-06 11:32:00', 240, '', 0);

-- --------------------------------------------------------

--
-- 資料表結構 `parking_number`
--

CREATE TABLE `parking_number` (
  `number` varchar(20) NOT NULL,
  `description` text DEFAULT NULL,
  `created_at` timestamp NOT NULL DEFAULT current_timestamp()
) ENGINE=InnoDB DEFAULT CHARSET=utf8mb4 COLLATE=utf8mb4_general_ci;

--
-- 傾印資料表的資料 `parking_number`
--

INSERT INTO `parking_number` (`number`, `description`, `created_at`) VALUES
('10', '戶外', '2025-01-01 07:27:18'),
('100', '戶外', '2025-01-01 07:37:58'),
('101', '戶外', '2025-01-01 07:38:01'),
('102', '戶外', '2025-01-01 07:38:04'),
('103', '戶外', '2025-01-01 07:38:07'),
('104', '戶外', '2025-01-01 07:38:11'),
('105', '戶外', '2025-01-01 07:38:15'),
('106', '戶外', '2025-01-01 07:38:18'),
('107', '戶外', '2025-01-01 07:38:21'),
('108', '戶外', '2025-01-01 07:38:26'),
('109', '戶外', '2025-01-01 07:38:30'),
('11', '戶外', '2025-01-01 07:27:21'),
('110', '戶外', '2025-01-01 07:38:35'),
('111', '戶外', '2025-01-01 07:38:38'),
('112', '戶外', '2025-01-01 07:38:41'),
('113', '戶外', '2025-01-01 07:38:44'),
('114', '戶外', '2025-01-01 07:38:47'),
('115', '戶外', '2025-01-01 07:38:49'),
('116', '戶外', '2025-01-01 07:38:52'),
('117', '戶外', '2025-01-01 07:38:55'),
('118', '戶外', '2025-01-01 07:38:58'),
('119', '戶外', '2025-01-01 07:39:01'),
('12', '戶外', '2025-01-01 07:31:37'),
('120', '戶外', '2025-01-01 07:39:04'),
('121', '戶外', '2025-01-01 07:39:07'),
('122', '戶外', '2025-01-01 07:39:10'),
('123', '戶外', '2025-01-01 07:39:15'),
('124', '戶外', '2025-01-01 07:39:18'),
('125', '戶外', '2025-01-01 07:39:21'),
('126', '戶外', '2025-01-01 07:39:23'),
('127', '戶外', '2025-01-01 07:39:26'),
('128', '戶外', '2025-01-01 07:39:29'),
('129', '戶外', '2025-01-01 07:39:35'),
('13', '戶外', '2025-01-01 07:31:40'),
('130', '戶外', '2025-01-01 07:39:38'),
('131', '戶外', '2025-01-01 07:39:43'),
('132', '戶外', '2025-01-01 07:39:56'),
('133', '戶外', '2025-01-01 07:39:59'),
('134', '戶外', '2025-01-01 07:40:02'),
('135', '戶外', '2025-01-01 07:40:05'),
('136', '戶外', '2025-01-01 07:40:08'),
('137', '戶外', '2025-01-01 07:40:11'),
('138', '戶外', '2025-01-01 07:40:14'),
('139', '戶外', '2025-01-01 07:40:17'),
('14', '戶外', '2025-01-01 07:31:43'),
('140', '戶外', '2025-01-01 07:40:20'),
('141', '戶外', '2025-01-01 07:40:24'),
('142', '戶外', '2025-01-01 07:40:27'),
('143', '戶外', '2025-01-01 07:40:30'),
('144', '戶外', '2025-01-01 07:40:33'),
('145', '戶外', '2025-01-01 07:40:35'),
('146', '戶外', '2025-01-01 07:40:46'),
('147', '戶外', '2025-01-01 07:44:26'),
('148', '戶外', '2025-01-01 07:44:40'),
('149', '戶外', '2025-01-01 07:44:45'),
('15', '戶外', '2025-01-01 07:31:46'),
('150', '戶外', '2025-01-01 07:44:49'),
('151', '戶外', '2025-01-01 07:44:51'),
('152', '戶外', '2025-01-01 07:44:54'),
('153', '戶外', '2025-01-01 07:44:57'),
('154', '戶外', '2025-01-01 07:45:00'),
('155', '戶外', '2025-01-01 07:45:03'),
('156', '戶外', '2025-01-01 07:45:05'),
('157', '戶外', '2025-01-01 07:45:08'),
('158', '戶外', '2025-01-01 07:45:12'),
('159', '戶外', '2025-01-01 07:45:15'),
('16', '戶外', '2025-01-01 07:31:49'),
('160', '戶外', '2025-01-01 07:45:20'),
('161', '戶外', '2025-01-01 07:45:23'),
('162', '戶外', '2025-01-01 07:45:26'),
('163', '戶外', '2025-01-01 07:45:29'),
('17', '戶外', '2025-01-01 07:31:52'),
('18', '戶外', '2025-01-01 07:31:55'),
('19', '戶外', '2025-01-01 07:31:58'),
('2', '戶外', '2025-01-01 07:26:28'),
('20', '戶外', '2025-01-01 07:32:01'),
('21', '戶外', '2025-01-01 07:32:04'),
('22', '戶外', '2025-01-01 07:32:06'),
('23', '戶外', '2025-01-01 07:32:09'),
('24', '戶外', '2025-01-01 07:32:11'),
('25', '戶外', '2025-01-01 07:32:14'),
('26', '戶外', '2025-01-01 07:34:15'),
('27', '戶外', '2025-01-01 07:34:18'),
('28', '戶外', '2025-01-01 07:34:20'),
('29', '戶外', '2025-01-01 07:34:23'),
('3', '戶外', '2025-01-01 07:26:35'),
('30', '戶外', '2025-01-01 07:34:26'),
('31', '戶外', '2025-01-01 07:34:28'),
('32', '戶外', '2025-01-01 07:34:31'),
('33', '戶外', '2025-01-01 07:34:34'),
('34', '戶外', '2025-01-01 07:34:37'),
('35', '戶外', '2025-01-01 07:34:40'),
('36', '戶外', '2025-01-01 07:34:49'),
('37', '戶外', '2025-01-01 07:34:51'),
('38', '戶外', '2025-01-01 07:34:54'),
('39', '戶外', '2025-01-01 07:34:57'),
('4', '戶外', '2025-01-01 07:26:38'),
('40', '戶外', '2025-01-01 07:34:59'),
('41', '戶外', '2025-01-01 07:35:05'),
('42', '戶外', '2025-01-01 07:35:08'),
('43', '戶外', '2025-01-01 07:35:11'),
('44', '戶外', '2025-01-01 07:35:19'),
('45', '戶外', '2025-01-01 07:35:22'),
('46', '戶外', '2025-01-01 07:35:25'),
('47', '戶外', '2025-01-01 07:35:28'),
('48', '戶外', '2025-01-01 07:35:30'),
('49', '戶外', '2025-01-01 07:35:33'),
('5', '戶外', '2025-01-01 07:26:41'),
('50', '戶外', '2025-01-01 07:35:36'),
('51', '戶外', '2025-01-01 07:35:38'),
('52', '戶外', '2025-01-01 07:35:41'),
('53', '戶外', '2025-01-01 07:35:43'),
('54', '戶外', '2025-01-01 07:35:46'),
('55', '戶外', '2025-01-01 07:35:48'),
('56', '戶外', '2025-01-01 07:35:51'),
('57', '戶外', '2025-01-01 07:35:54'),
('58', '戶外', '2025-01-01 07:35:56'),
('59', '戶外', '2025-01-01 07:35:59'),
('6', '戶外', '2025-01-01 07:26:44'),
('60', '戶外', '2025-01-01 07:36:02'),
('61', '戶外', '2025-01-01 07:36:05'),
('62', '戶外', '2025-01-01 07:36:07'),
('63', '戶外', '2025-01-01 07:36:10'),
('64', '戶外', '2025-01-01 07:36:12'),
('67', '戶外', '2025-01-01 07:36:21'),
('68', '戶外', '2025-01-01 07:36:23'),
('69', '戶外', '2025-01-01 07:36:26'),
('7', '戶外', '2025-01-01 07:26:46'),
('70', '戶外', '2025-01-01 07:36:28'),
('71', '戶外', '2025-01-01 07:36:31'),
('72', '戶外', '2025-01-01 07:36:34'),
('73', '戶外', '2025-01-01 07:36:36'),
('74', '戶外', '2025-01-01 07:36:39'),
('75', '戶外', '2025-01-01 07:36:42'),
('76', '戶外', '2025-01-01 07:36:44'),
('77', '戶外', '2025-01-01 07:36:47'),
('78', '戶外', '2025-01-01 07:36:51'),
('79', '戶外', '2025-01-01 07:36:54'),
('8', '戶外', '2025-01-01 07:26:49'),
('80', '戶外', '2025-01-01 07:36:57'),
('81', '戶外', '2025-01-01 07:36:59'),
('82', '戶外', '2025-01-01 07:37:02'),
('83', '戶外', '2025-01-01 07:37:05'),
('84', '戶外', '2025-01-01 07:37:08'),
('85', '戶外', '2025-01-01 07:37:11'),
('86', '戶外', '2025-01-01 07:37:15'),
('87', '戶外', '2025-01-01 07:37:19'),
('88', '戶外', '2025-01-01 07:37:21'),
('89', '戶外', '2025-01-01 07:37:25'),
('9', '戶外', '2025-01-01 07:27:14'),
('90', '戶外', '2025-01-01 07:37:27'),
('91', '戶外', '2025-01-01 07:37:30'),
('92', '戶外', '2025-01-01 07:37:33'),
('93', '戶外', '2025-01-01 07:37:36'),
('94', '戶外', '2025-01-01 07:37:39'),
('95', '戶外', '2025-01-01 07:37:42'),
('96', '戶外', '2025-01-01 07:37:44'),
('97', '戶外', '2025-01-01 07:37:47'),
('98', '戶外', '2025-01-01 07:37:50'),
('99', '戶外', '2025-01-01 07:37:53'),
('A01', '室內', '2024-07-23 22:45:15'),
('A02', '室內', '2024-07-23 22:45:15'),
('A03', '室內', '2024-07-23 22:45:15'),
('A04', '室內', '2024-07-23 22:45:15'),
('A05', '室內', '2024-07-23 22:45:15'),
('A06', '室內', '2024-07-23 22:45:15'),
('A07', '室內', '2024-07-23 22:45:15'),
('A08', '室內', '2024-07-23 22:45:15'),
('A09', '室內', '2024-07-23 22:45:15'),
('A10', '室內', '2024-07-23 22:45:15'),
('A11', '室內', '2024-07-23 22:45:15'),
('A12', '室內', '2024-07-23 22:45:15'),
('A13', '室內', '2024-07-23 22:45:15'),
('A14', '室內', '2024-07-23 22:45:15'),
('A15', '室內', '2024-07-23 22:45:15'),
('A16', '室內', '2024-07-23 22:45:15'),
('A17', '室內', '2024-07-23 22:45:15'),
('A18', '室內', '2024-07-23 22:45:15'),
('A19', '室內', '2024-07-23 22:45:15'),
('A20', '室內', '2024-07-23 22:45:15'),
('A21', '室內', '2024-07-23 22:45:15'),
('A22', '室內', '2024-07-23 22:45:15'),
('A23', '室內', '2024-07-23 22:45:15'),
('A24', '室內', '2024-07-23 22:45:15'),
('A25', '室內', '2024-07-23 22:45:15'),
('A26', '室內', '2024-07-23 22:45:15'),
('A27', '室內', '2024-07-23 22:45:15'),
('A28', '室內', '2024-07-23 22:45:15'),
('A29', '室內', '2024-07-23 22:45:15'),
('A30', '室內', '2024-07-23 22:45:15'),
('A31', '室內', '2024-07-23 22:45:15'),
('A32', '室內', '2024-07-23 22:45:15'),
('A33', '室內', '2024-07-23 22:45:15'),
('A34', '室內', '2024-07-23 22:45:15'),
('A35', '室內', '2024-07-23 22:45:15'),
('A36', '室內', '2024-07-23 22:45:15'),
('A37', '室內', '2024-07-23 22:45:15'),
('A38', '室內', '2024-07-23 22:45:15'),
('A39', '室內', '2024-07-23 22:45:15'),
('A40', '室內', '2024-07-23 22:45:15'),
('A41', '室內', '2024-07-23 22:45:15'),
('A42', '室內', '2024-07-23 22:45:15'),
('A43', '室內', '2024-07-23 22:45:15'),
('A44', '室內', '2024-07-23 22:45:15'),
('A45', '室內', '2024-07-23 22:45:15'),
('A46', '室內', '2024-07-23 22:45:15'),
('A47', '室內', '2024-07-23 22:45:15'),
('A48', '室內', '2024-07-23 22:45:15'),
('A49', '室內', '2024-07-23 22:45:15'),
('A50', '室內', '2024-07-23 22:45:15'),
('A51', '室內', '2024-07-23 22:45:15'),
('A52', '室內', '2024-07-23 22:45:15'),
('A53', '室內', '2024-07-23 22:45:15'),
('A54', '室內', '2024-07-23 22:45:15'),
('A55', '室內', '2024-07-23 22:45:15'),
('A56', '室內', '2024-07-23 22:45:15'),
('A57', '室內', '2024-07-23 22:45:15'),
('A58', '室內', '2024-07-23 22:45:15'),
('A59', '室內', '2024-07-23 22:45:15'),
('A60', '室內', '2024-07-23 22:45:15'),
('A61', '室內', '2024-07-23 22:45:15'),
('A62', '室內', '2024-07-23 22:45:15'),
('A63', '室內', '2024-07-23 22:45:15'),
('A64', '室內', '2024-07-23 22:45:15'),
('A65', '室內', '2024-07-23 22:45:15'),
('B01', '戶外', '2024-07-23 22:45:15'),
('B02', '戶外', '2024-07-23 22:45:15'),
('B03', '戶外', '2024-07-23 22:45:15'),
('B04', '戶外', '2024-07-23 22:45:15'),
('B05', '戶外', '2024-07-23 22:45:15'),
('B06', '戶外', '2024-07-23 22:45:15'),
('B07', '戶外', '2024-07-23 22:45:15'),
('B08', '戶外', '2024-07-23 22:45:15'),
('B09', '戶外', '2024-07-23 22:45:15'),
('B10', '戶外', '2024-07-23 22:45:15'),
('B11', '戶外', '2024-07-23 22:45:15'),
('B12', '戶外', '2024-07-23 22:45:15'),
('B13', '戶外', '2024-07-23 22:45:15'),
('B14', '戶外', '2024-07-23 22:45:15'),
('B15', '戶外', '2024-07-23 22:45:15'),
('B16', '戶外', '2024-07-23 22:45:15'),
('B17', '戶外', '2024-07-23 22:45:15'),
('B18', '戶外', '2024-07-23 22:45:15'),
('B19', '戶外', '2024-07-23 22:45:15'),
('B20', '戶外', '2024-07-23 22:45:15'),
('B21', '戶外', '2024-07-23 22:45:15'),
('B22', '戶外', '2024-07-23 22:45:15'),
('B23', '戶外', '2024-07-23 22:45:15'),
('B24', '戶外', '2024-07-23 22:45:15'),
('B25', '戶外', '2024-07-23 22:45:15'),
('C01', '2場車棚', '2024-08-15 00:06:19'),
('C02', '2場車棚', '2024-07-23 22:45:15'),
('C03', '2場車棚', '2024-07-23 22:45:15'),
('C04', '2場車棚', '2024-07-23 22:45:15'),
('C05', '2場車棚', '2024-07-23 22:45:15'),
('C06', '2場車棚', '2024-07-23 22:45:15'),
('C07', '2場車棚', '2024-07-23 22:45:15'),
('C08', '2場車棚', '2024-07-23 22:45:15'),
('C09', '2場車棚', '2024-07-23 22:45:15'),
('C10', '2場車棚', '2024-07-23 22:45:15'),
('C11', '車棚', '2024-07-23 22:45:15'),
('C12', '車棚', '2024-07-23 22:45:15'),
('C13', '車棚', '2024-07-23 22:45:15'),
('C14', '車棚', '2024-07-23 22:45:15'),
('C15', '車棚', '2024-07-23 22:45:15'),
('C16', '車棚', '2024-07-23 22:45:15'),
('C17', '車棚', '2024-07-23 22:45:15'),
('C18', '車棚', '2024-07-23 22:45:15'),
('C19', '車棚', '2024-07-23 22:45:15'),
('C20', '車棚', '2024-07-23 22:45:15'),
('C21', '車棚', '2024-07-23 22:45:15'),
('C22', '車棚', '2024-07-23 22:45:15'),
('C23', '車棚', '2024-07-23 22:45:15'),
('C24', '車棚', '2024-07-23 22:45:15'),
('C25', '車棚', '2024-07-23 22:45:15'),
('C26', '車棚', '2024-07-23 22:45:15'),
('J01', '3場室內', '2024-07-23 22:45:15'),
('J02', '3場室內', '2024-07-23 22:45:15'),
('J03', '3場室內', '2024-07-23 22:45:15'),
('J04', '3場室內', '2024-07-23 22:45:15'),
('J05', '3場室內', '2024-07-23 22:45:15'),
('J06', '3場室內', '2024-07-23 22:45:15'),
('J07', '3場室內', '2024-07-23 22:45:15'),
('J08', '3場室內', '2024-07-23 22:45:15'),
('J09', '3場室內', '2024-07-23 22:45:15'),
('J10', '3場室內', '2024-07-23 22:45:15'),
('J12', '3場室內', '2024-07-23 22:45:15'),
('J13', '3場室內', '2024-07-23 22:45:15'),
('J14', '3場室內', '2024-07-23 22:45:15'),
('J15', '3場室內', '2024-07-23 22:45:15'),
('J16', '3場室內', '2024-07-23 22:45:15'),
('J17', '3場室內', '2024-07-23 22:45:15'),
('J18', '3場室內', '2024-07-23 22:45:15'),
('J19', '3場室內', '2024-07-23 22:45:15'),
('J20', '3場室內', '2024-07-23 22:45:15'),
('J21', '3場室內', '2024-07-23 22:45:15'),
('J22', '3場室內', '2024-07-23 22:45:15'),
('J23', '3場室內', '2024-07-23 22:45:15'),
('J24', '3場室內', '2024-07-23 22:45:15'),
('J25', '3場室內', '2024-07-23 22:45:15'),
('J26', '3場室內', '2024-07-23 22:45:15'),
('J27', '3場室內', '2024-07-23 22:45:15'),
('J28', '3場室內', '2024-07-23 22:45:15'),
('J29', '3場室內', '2024-07-23 22:45:15'),
('J30', '3場室內', '2024-07-23 22:45:15'),
('J31', '3場室內', '2024-07-23 22:45:15'),
('J32', '3場室內', '2024-07-23 22:45:15'),
('J33', '3場室內', '2024-07-23 22:45:15'),
('J34', '3場室內', '2024-07-23 22:45:15'),
('J35', '3場室內', '2024-07-23 22:45:15'),
('J36', '3場室內', '2024-07-23 22:45:15'),
('J37', '3場室內', '2024-07-23 22:45:15'),
('J38', '3場室內', '2024-07-23 22:45:15'),
('J39', '3場室內', '2024-07-23 22:45:15'),
('J40', '3場室內', '2024-07-23 22:45:15'),
('J41', '3場室內', '2024-07-23 22:45:15'),
('J42', '3場室內', '2024-07-23 22:45:15'),
('J43', '3場室內', '2024-07-23 22:45:15'),
('J44', '3場室內', '2024-07-23 22:45:15'),
('J45', '3場室內', '2024-07-23 22:45:15'),
('J46', '3場室內', '2024-07-23 22:45:15'),
('J47', '3場室內', '2024-07-23 22:45:15'),
('J48', '3場室內', '2024-07-23 22:45:15'),
('J49', '3場室內', '2024-07-23 22:45:15'),
('J50', '3場室內', '2024-07-23 22:45:15'),
('J51', '3場室內', '2024-07-23 22:45:15'),
('J52', '3場室內', '2024-07-23 22:45:15'),
('J53', '3場室內', '2024-07-23 22:45:15'),
('J54', '3場室內', '2024-07-23 22:45:15'),
('J55', '3場室內', '2024-07-23 22:45:15'),
('J56', '3場室內', '2024-07-23 22:45:15'),
('J57', '3場室內', '2024-07-23 22:45:15'),
('J58', '3場室內', '2024-07-23 22:45:15'),
('J59', '3場室內', '2024-07-23 22:45:15'),
('J60', '3場室內', '2024-07-23 22:45:15'),
('J61', '3場室內', '2024-07-23 22:45:15'),
('J62', '3場室內', '2024-07-23 22:45:15'),
('J63', '3場室內', '2024-07-23 22:45:15'),
('J64', '3場室內', '2024-07-23 22:45:15'),
('J65', '3場室內', '2024-07-23 22:45:15'),
('J66', '3場室內', '2024-07-23 22:45:15'),
('J67', '3場室內', '2024-07-23 22:45:15'),
('J68', '3場室內', '2024-07-23 22:45:15'),
('J69', '3場室內', '2024-07-23 22:45:15'),
('J70', '3場室內', '2024-07-23 22:45:15'),
('J71', '3場室內', '2024-07-23 22:45:15'),
('J72', '3場室內', '2024-07-23 22:45:15'),
('J73', '3場室內', '2025-01-01 05:12:29'),
('VVIP', 'VVIP', '2024-07-23 22:45:15');

-- --------------------------------------------------------

--
-- 資料表結構 `price`
--

CREATE TABLE `price` (
  `id` int(11) NOT NULL,
  `vehicle_type` varchar(50) NOT NULL,
  `hourly_rate` int(10) NOT NULL,
  `daily_rate` int(10) NOT NULL,
  `created_at` timestamp NOT NULL DEFAULT current_timestamp()
) ENGINE=InnoDB DEFAULT CHARSET=utf8mb4 COLLATE=utf8mb4_general_ci;

--
-- 傾印資料表的資料 `price`
--

INSERT INTO `price` (`id`, `vehicle_type`, `hourly_rate`, `daily_rate`, `created_at`) VALUES
(1, '', 100, 80, '2024-07-16 06:10:09');

-- --------------------------------------------------------

--
-- 資料表結構 `reservation`
--

CREATE TABLE `reservation` (
  `LicensePlateNumber` text NOT NULL COMMENT '車牌號碼',
  `DepartureTerminal` varchar(50) DEFAULT NULL COMMENT '出發航廈',
  `ReturnTerminal` varchar(50) DEFAULT NULL COMMENT '回國航廈',
  `ArrivalTime` datetime DEFAULT NULL COMMENT '回國抵台時間',
  `ParkingType` varchar(11) NOT NULL COMMENT '停車位類型',
  `Name` text NOT NULL COMMENT '駕駛人姓名',
  `Phone` text NOT NULL COMMENT '電話',
  `Milage` int(11) NOT NULL COMMENT '里程數',
  `ReservationDayIn` date NOT NULL COMMENT '預約進場日',
  `ReservationDayOut` date NOT NULL COMMENT '預約出場日',
  `People` int(11) NOT NULL COMMENT '人數',
  `Remasks` text NOT NULL COMMENT '備註',
  `Number` int(11) NOT NULL COMMENT '流水號',
  `Backup` int(11) NOT NULL COMMENT '是否停備用車位'
) ENGINE=InnoDB DEFAULT CHARSET=utf8mb4 COLLATE=utf8mb4_general_ci;

--
-- 傾印資料表的資料 `reservation`
--

INSERT INTO `reservation` (`LicensePlateNumber`, `DepartureTerminal`, `ReturnTerminal`, `ArrivalTime`, `ParkingType`, `Name`, `Phone`, `Milage`, `ReservationDayIn`, `ReservationDayOut`, `People`, `Remasks`, `Number`, `Backup`) VALUES
('3119-ZJ', '第二航廈', '第二航廈', '2025-02-05 00:00:00', '戶外', '林R', '0931-632-350', 0, '2025-02-01', '2025-02-05', 4, '0', 129, 0),
('BZV-6363', '', '', '0000-00-00 00:00:00', '室內', '廖富華', '0916-339-677', 0, '2025-04-22', '2025-04-26', 2, '0', 130, 0);

--
-- 已傾印資料表的索引
--

--
-- 資料表索引 `parking`
--
ALTER TABLE `parking`
  ADD PRIMARY KEY (`ID`);

--
-- 資料表索引 `parking_history`
--
ALTER TABLE `parking_history`
  ADD PRIMARY KEY (`ID`);

--
-- 資料表索引 `parking_number`
--
ALTER TABLE `parking_number`
  ADD PRIMARY KEY (`number`);

--
-- 資料表索引 `price`
--
ALTER TABLE `price`
  ADD PRIMARY KEY (`id`);

--
-- 資料表索引 `reservation`
--
ALTER TABLE `reservation`
  ADD PRIMARY KEY (`Number`);

--
-- 在傾印的資料表使用自動遞增(AUTO_INCREMENT)
--

--
-- 使用資料表自動遞增(AUTO_INCREMENT) `price`
--
ALTER TABLE `price`
  MODIFY `id` int(11) NOT NULL AUTO_INCREMENT, AUTO_INCREMENT=3;

--
-- 使用資料表自動遞增(AUTO_INCREMENT) `reservation`
--
ALTER TABLE `reservation`
  MODIFY `Number` int(11) NOT NULL AUTO_INCREMENT COMMENT '流水號', AUTO_INCREMENT=131;
COMMIT;

/*!40101 SET CHARACTER_SET_CLIENT=@OLD_CHARACTER_SET_CLIENT */;
/*!40101 SET CHARACTER_SET_RESULTS=@OLD_CHARACTER_SET_RESULTS */;
/*!40101 SET COLLATION_CONNECTION=@OLD_COLLATION_CONNECTION */;
